{
  "main.bike_start": {
    "sounds": [
      {
        "name": "bike_start"
      }
    ],
    "category": "player"
  },
  "main.car_drive": {
    "sounds": [
      {
        "name": "car_drive"
      }
    ],
    "category": "player"
  },
  "main.piano_man": {
    "sounds": [
      {
        "name": "piano_man"
      }
    ],
    "category": "player"
  },
  "main.river": {
    "sounds": [
      {
        "name": "river"
      }
    ],
    "category": "player"
  },
  "main.byebyebye": {
    "sounds": [
      {
        "name": "byebyebye"
      }
    ],
    "category": "player"
  },
  "main.halloween": {
    "sounds": [
      {
        "name": "halloween"
      }
    ],
    "category": "player"
  },
  "main.train": {
    "sounds": [
      {
        "name": "train"
      }
    ],
    "category": "player"
  },
  "main.train_start": {
    "sounds": [
      {
        "name": "train_start"
      }
    ],
    "category": "player"
  },
  "main.train_cant": {
    "sounds": [
      {
        "name": "train_cant"
      }
    ],
    "category": "player"
  },
  "main.dancing_nsync": {
    "sounds": [
      {
        "name": "dancing_nsync"
      }
    ],
    "category": "player"
  },
  "main.minigun": {
    "sounds": [
      {
        "name": "minigun"
      }
    ],
    "category": "player"
  },
  "main.war_gun": {
    "sounds": [
      {
        "name": "war_gun"
      }
    ],
    "category": "player"
  },
  "main.smokin": {
    "sounds": [
      {
        "name": "smokin"
      }
    ],
    "category": "player"
  },
  "main.gatling": {
    "sounds": [
      {
        "name": "gatling"
      }
    ],
    "category": "player"
  },
  "main.crucible": {
    "sounds": [
      {
        "name": "crucible"
      }
    ],
    "category": "player"
  },
  "main.captain_man_transform": {
    "sounds": [
      {
        "name": "captain_man_transform"
      }
    ],
    "category": "player"
  },
  "main.frost_breath": {
    "sounds": [
      {
        "name": "frost_breath"
      }
    ],
    "category": "player"
  },
  "main.frost_charge": {
    "sounds": [
      {
        "name": "frost_charge"
      }
    ],
    "category": "player"
  },
  "suit.thor.mjolnir.landing": {
    "category": "player",
    "sounds": [
      "mjolnir/landing"
    ]
  },
  "suit.thor.mjolnir.hit": {
    "category": "player",
    "sounds": [
      "mjolnir/hit_1",
      "mjolnir/hit_2",
      "mjolnir/hit_3",
      "mjolnir/hit_4"
    ]
  },
  "suit.thor.mjolnir.lightning.hit": {
    "category": "player",
    "sounds": [
      "mjolnir/lightning/hit_1",
      "mjolnir/lightning/hit_2",
      "mjolnir/lightning/hit_3",
      "mjolnir/lightning/hit_4"
    ]
  },
  "suit.thor.mjolnir.lightning.flicker_loop": {
    "category": "player",
    "sounds": [
      "mjolnir/lightning/flicker_loop"
    ]
  },
  "suit.thor.mjolnir.lightning.lightning_shoot": {
    "category": "player",
    "sounds": [
      "mjolnir/lightning/lightning_shoot"
    ]
  },
  "suit.thor.mjolnir.lightning.charged_beam.shoot": {
    "category": "player",
    "sounds": [
      "mjolnir/lightning/charged_beam_shoot"
    ]
  },
  "suit.thor.mjolnir.lightning.charged_beam.loop": {
    "category": "player",
    "sounds": [
      "mjolnir/lightning/charged_beam_loop"
    ]
  },
  "suit.thor.mjolnir.lightning.charged_beam.stop": {
    "category": "player",
    "sounds": [
      "mjolnir/lightning/charged_beam_stop"
    ]
  },
  "main.raidenscream": {
    "sounds": [
      {
        "name": "raidenscream"
      }
    ],
    "category": "player"
  },
  "main.tokarev": {
    "sounds": [
      {
        "name": "tokarev"
      }
    ],
    "category": "player"
  },
  "main.tf2_rocket_launcher": {
    "sounds": [
      {
        "name": "tf2_rocket_launcher"
      }
    ],
    "category": "player"
  },
  "main.walther_ppk": {
    "sounds": [
      {
        "name": "walther_ppk"
      }
    ],
    "category": "player"
  },
  "main.golden_gun": {
    "sounds": [
      {
        "name": "golden_gun"
      }
    ],
    "category": "player"
  },
  "main.big_iron": {
    "sounds": [
      {
        "name": "big_iron"
      }
    ],
    "category": "player"
  },
  "main.fire_beams": {
    "sounds": [
      {
        "name": "fire_beams"
      }
    ],
    "category": "player"
  },
  "main.nightcrawler_bamf": {
    "sounds": [
      {
        "name": "nightcrawler_bamf"
      }
    ],
    "category": "player"
  },
  "main.block": {
    "sounds": [
      "lightsaber/block/block1",
      "lightsaber/block/block2",
      "lightsaber/block/block3"
    ],
    "category": "player"
  },
  "main.hum": {
    "sounds": [
      {
        "name": "lightsaber/hum/hum"
      }
    ],
    "category": "player"
  },
  "main.ignite": {
    "sounds": [
      "lightsaber/ignite/ignite1",
      "lightsaber/ignite/ignite2"
    ],
    "category": "player"
  },
  "main.strike": {
    "sounds": [
      "lightsaber/strike/strike1",
      "lightsaber/strike/strike2",
      "lightsaber/strike/strike3"
    ],
    "category": "player"
  },
  "main.swing": {
    "sounds": [
      "lightsaber/swing/swing1",
      "lightsaber/swing/swing2",
      "lightsaber/swing/swing3"
    ],
    "category": "player"
  },
  "main.unignite": {
    "sounds": [
      "lightsaber/unignite/unignite1",
      "lightsaber/unignite/unignite2"
    ],
    "category": "player"
  }
}