{
    "main.bike_start": {
        "sounds": [
            {
                "name": "bike_start"
            }
        ],
        "category": "player"
    },
    "main.car_drive": {
        "sounds": [
            {
                "name": "car_drive"
            }
        ],
        "category": "player"
    },
    "main.piano_man": {
        "sounds": [
            {
                "name": "piano_man"
            }
        ],
        "category": "player"
    },
"main.river": {
    "sounds": [
        {
            "name": "river"
        }
    ],
    "category": "player"
}
}