{
    "main.bike_start": {
        "sounds": [
            {
                "name": "bike_start"
            }
        ],
        "category": "player"
    },
    "main.car_drive": {
        "sounds": [
            {
                "name": "car_drive"
            }
        ],
        "category": "player"
    },
    "main.piano_man": {
        "sounds": [
            {
                "name": "piano_man"
            }
        ],
        "category": "player"
    },
"main.river": {
    "sounds": [
        {
            "name": "river"
        }
    ],
    "category": "player"
},
"main.byebyebye": {
"sounds": [
{
    "name": "byebyebye"
}
],
"category": "player"
},
"main.halloween": {
"sounds": [
{
    "name": "halloween"
}
],
"category": "player"
},
"main.train": {
"sounds": [
{
    "name": "train"
}
],
"category": "player"
},
"main.train_start": {
"sounds": [
{
    "name": "train_start"
}
],
"category": "player"
},
"main.train_cant": {
"sounds": [
{
    "name": "train_cant"
}
],
"category": "player"
},
"main.minigun": {
"sounds": [
{
    "name": "minigun"
}
],
"category": "player"
},
"main.war_gun": {
"sounds": [
{
    "name": "war_gun"
}
],
"category": "player"
},
"main.smokin": {
"sounds": [
{
    "name": "smokin"
}
],
"category": "player"
},
"main.gatling": {
"sounds": [
{
    "name": "gatling"
}
],
"category": "player"
},
"main.captain_man_transform": {
"sounds": [
{
    "name": "captain_man_transform"
}
],
"category": "player"
},
"suit.thor.mjolnir.landing": {
      "category": "player",
      "sounds": [
        "mjolnir/landing"
      ]
    },
    "suit.thor.mjolnir.hit": {
      "category": "player",
      "sounds": [
        "mjolnir/hit_1",
        "mjolnir/hit_2",
        "mjolnir/hit_3",
        "mjolnir/hit_4"
      ]
    },
    "suit.thor.mjolnir.lightning.hit": {
      "category": "player",
      "sounds": [
        "mjolnir/lightning/hit_1",
        "mjolnir/lightning/hit_2",
        "mjolnir/lightning/hit_3",
        "mjolnir/lightning/hit_4"
      ]
    },
    "suit.thor.mjolnir.lightning.flicker_loop": {
      "category": "player",
      "sounds": [
        "mjolnir/lightning/flicker_loop"
      ]
    },
    "suit.thor.mjolnir.lightning.lightning_shoot": {
      "category": "player",
      "sounds": [
        "mjolnir/lightning/lightning_shoot"
      ]
    },
    "suit.thor.mjolnir.lightning.charged_beam.shoot": {
      "category": "player",
      "sounds": [
        "mjolnir/lightning/charged_beam_shoot"
      ]
    },
    "suit.thor.mjolnir.lightning.charged_beam.loop": {
      "category": "player",
      "sounds": [
        "mjolnir/lightning/charged_beam_loop"
      ]
    },
    "suit.thor.mjolnir.lightning.charged_beam.stop": {
      "category": "player",
      "sounds": [
        "mjolnir/lightning/charged_beam_stop"
      ]
    }
}
